--INSERTION Dans Personnes (179 personnes)
USE [Bloc_9.81]
GO
INSERT INTO Personnes (Nom, Prenom, DateNaissance) 
VALUES
('Dupont', 'Jean', 1985-03-12),                   
('Durand', 'Marie', 1990-07-22),
('Martin', 'Pierre', 1982-06-11),
('Lemoine', 'Claire', 1993-10-03),
('Moreau', 'Luc', 1979-02-25),
('Lefevre', 'Sophie', 2000-05-15),
('Roux', 'Louis', 1987-09-09),
('Garcia', 'Isabelle', 1995-11-30),
('Michel', 'Henri', 1981-08-17),
('Bernard', 'Catherine', 1992-12-06),
('Robert', 'Julien', 1988-01-24),
('Petit', 'Emma', 1994-04-14),
('Girard', 'Thomas', 1996-06-19),
('Lopez', 'Sandro', 1991-03-07),
('Benoit', 'Léa', 1983-07-28),
('Boucher', 'Alexandre', 1989-11-02),
('Simon', 'Amélie', 2001-02-20),
('Caron', 'Victor', 1984-12-12),
('Meyer', 'Chloé', 1999-09-09),
('Chauvin', 'David', 1990-08-04),
('Bailly', 'Charlotte', 1980-05-18),
('Pires', 'Nicolas', 1997-04-11),
('Francois', 'Caroline', 2000-01-01),
('Thomas', 'Emilie', 1993-10-29),
('Tanguy', 'Vincent', 1986-02-14),
('Bertin', 'Clara', 1988-11-23),
('Gauthier', 'Paul', 1982-06-05),
('Fournier', 'Laure', 1995-10-08),
('Pires', 'Sébastien', 1987-09-27),
('Vidal', 'Aurélie', 1994-03-18),
('Lemoine', 'Lucie', 1991-12-02),
('Renard', 'Cédric', 1984-04-13),
('Rousseau', 'Camille', 1998-08-22),
('Joly', 'Hugo', 1985-05-05),
('Marchand', 'Lola', 1992-07-10),
('Vincent', 'Nathan', 1987-11-15),
('Descamps', 'Ines', 2002-01-13),
('Vautier', 'Clément', 1983-04-20),
('Garnier', 'Sarah', 1999-05-12),
('Vasseur', 'Géraldine', 1991-01-01),
('Lemoine', 'Antoine', 1980-08-23),
('Leclerc', 'Yann', 1989-06-14),
('Beauvais', 'Léna', 1996-09-05),
('Lambert', 'Julie', 1997-10-07),
('Foucher', 'Thierry', 1984-12-21),
('Thompson', 'Rebecca', 1993-01-16),
('Bouvier', 'Arthur', 1990-05-19),
('Sauvage', 'Laetitia', 1992-04-28),
('Petit', 'Maxime', 1991-02-15),
('Paillard', 'Mélanie', 1982-03-22),
('Bourdon', 'Lucas', 1986-07-09),
('Gauthier', 'Sophie', 2000-12-17),
('Dufresne', 'Elise', 1995-01-01),
('Fresne', 'Bernard', 1993-05-27),
('Lemoine', 'Pascal', 1994-03-06),
('Mélard', 'Martine', 1998-10-13),
('Moulin', 'Isabelle', 1990-02-01),
('Fournier', 'Fabien', 1982-04-10),
('Chauvin', 'Olivier', 1994-09-19),
('Debeauvais', 'Franéois', 1996-07-03),
('Pires', 'Valérie', 1992-05-22),
('Broussard', 'Aurélien', 2000-06-01),
('Delaunay', 'Franéoise', 1989-09-01),
('Vallée', 'Jacques', 1980-03-29),
('Allain', 'Patricia', 1986-02-12),
('Lemoine', 'Michel', 1995-12-17),
('Bélanger', 'Alice', 1999-04-22),
('Carpentier', 'Charles', 1982-11-14),
('Georges', 'Sandra', 1997-08-06),
('Carette', 'Anne', 1993-05-15),
('Joly', 'Raphaél', 1994-10-11),
('Tanguy', 'Cécile', 1995-09-01),
('Vidal', 'David', 1988-02-28),
('Renard', 'Laura', 1983-03-12),
('Michel', 'Gaélle', 1991-05-04),
('Tanguy', 'Pierre', 1997-11-30),
('Benoit', 'Olivier', 1987-06-22),
('Rousseau', 'Louise', 2000-04-05),
('Benoit', 'Soléne', 1992-07-29),
('Lemoine', 'Gilbert', 1984-11-01),
('Petit', 'Luc', 1988-12-02),
('Thomson', 'Gérard', 1993-06-18),
('Vasseur', 'Sonia', 1995-05-03),
('Dufresne', 'Antoine', 2000-01-30),
('Bourdon', 'Julie', 1996-10-22),
('Lopez', 'Guillaume', 1981-04-12),
('Renard', 'Nathalie', 1982-08-16),
('Lemoine', 'Valérie', 1985-10-10),
('Moulin', 'Benoét', 1998-07-19),
('Lemoine', 'Bernadette', 1992-11-03),
('Fournier', 'Christophe', 1999-04-30),
('Meyer', 'Yves', 1990-03-25),
('Dufresne', 'Caroline', 1995-07-01),
('Béranger', 'Jacques', 1987-08-21),
('Caron', 'Diane', 1991-12-25),
('Vasseur', 'Jean', 1994-06-07),
('Leclerc', 'Frédéric', 2000-02-11),
('Paillard', 'Pierre', 1993-01-13),
('Garnier', 'Héléne', 1996-09-11),
('Bertrand', 'Audrey', 1983-12-06),
('Garnier', 'Héléne', 1995-02-22),
('Lemoine', 'Daniel', 1987-10-15),
('Renard', 'Clémence', 1985-03-13),
('Georges', 'Julien', 1984-06-28),
('Bouvier', 'Michel', 1988-05-09),
('Benoit', 'Yannick', 1999-01-19),
('Lemoine', 'Frédérique', 2000-03-15),
('Lemoine', 'Denis', 1994-05-23),
('Carpentier', 'Paul', 1980-07-07),
('Joly', 'Valentine', 1997-11-22),
('Vidal', 'Marc', 1982-02-14),
('Bodin', 'Lucie', 1980-06-11),
('Lemoine', 'Pierre', 1997-11-14),
('Gérard', 'Thérése', 1992-08-05),
('Faure', 'Jean-Luc', 1985-01-15),
('Tanguy', 'Aurélie', 1983-10-18),
('Riviére', 'Gérard', 1990-02-23),
('Dubois', 'Sandrine', 1996-03-10),
('Caron', 'Serge', 1982-07-25),
('Santos', 'Nathalie', 1989-02-09),
('Morin', 'Daniel', 1995-12-12),
('Gosse', 'Florence', 1987-04-04),
('Marchand', 'Patricia', 1980-09-08),
('Lemoine', 'Victor', 1988-01-01),
('Lemoine', 'Stéphanie', 1994-06-13),
('Dufresne', 'Bernard', 1993-04-28),
('Chauvin', 'Sylvie', 1991-05-20),
('Charron', 'Louis', 1986-10-01),
('Pires', 'Henriette', 1997-02-17),
('Joly', 'Romain', 1981-07-12),
('Lemoine', 'Héléne', 1984-05-09),
('Boucher', 'Renaud', 1994-12-01),
('Leblanc', 'Gilles', 1999-01-03),
('Lemoine', 'Catherine', 1986-06-30),
('Girard', 'Thérése', 1982-08-16),
('Leclerc', 'Noélle', 1993-10-27),
('Delacroix', 'Sylvain', 1980-05-18),
('Faure', 'Gérald', 1983-04-05),
('Charpentier', 'Camille', 1998-02-21),
('Tremblay', 'Yves', 1989-03-17),
('Gagnon', 'Simone', 1991-01-05),
('Riviére', 'David', 1990-09-09),
('Martin', 'Michel', 1982-02-14),
('Gérard', 'Daniel', 1996-12-22),
('Lemoine', 'Jean', 1987-04-01),
('Tremblay', 'Valérie', 1994-05-11),
('Moulin', 'Jacques', 1989-08-29),
('Dufresne', 'Mathieu', 1985-03-07),
('Joubert', 'Marie', 1992-04-18),
('Lemoine', 'Bernadette', 1995-06-21),
('Henri', 'Chantal', 1980-08-03),
('Charpentier', 'Pierre', 1996-07-26),
('Joly', 'Hugo', 1990-12-12),
('Santos', 'Frédéric', 1997-11-29),
('Girard', 'Claude', 1982-02-24),
('Bodin', 'Jean', 1988-09-20),
('Riviére', 'Pascal', 1995-05-02),
('Leclerc', 'Franéoise', 1986-03-01),
('Lemoine', 'Thierry', 1999-07-21),
('Durand', 'Michel', 1981-10-15),
('Barre', 'Cécile', 1997-03-11),
('Roussel', 'Catherine', 1994-01-30),
('Lemoine', 'Franéoise', 1983-11-05),
('Meyer', 'Jéréme', 1990-10-22),
('Gosse', 'Nadine', 1982-04-19),
('Chauvin', 'Daniel', 1984-01-02),
('Gauthier', 'Michel', 1991-05-01),
('Santos', 'Sébastien', 1985-09-10),
('Pires', 'Bernard', 1996-10-06),
('Fournier', 'Luc', 1987-03-25),
('Caron', 'Monique', 1993-11-18),
('Riviére', 'David', 1997-12-13),
('Roussel', 'David', 1984-11-10),
('Lemoine', 'Véronique', 1991-02-05),
('Hamelin', 'Bernadette', 1989-06-18),
('Leclerc', 'Michel', 1998-05-20),
('Moulin', 'Jean-Claude', 1995-01-14),
('Dubois', 'Emmanuel', 1997-06-16),
('Marchand', 'Thierry', 1992-03-04),
('Dubois', 'Marion', 1994-04-09);         


-- INSERTION des données dans Employees (81 employees)
SELECT * FROM Personnes
INSERT INTO Employees (PersonneID, DateEngagement, TauxHoraire, NumeroCompteBancaire)
VALUES
( 99, 2020-01-16-00-00-00, 19.50, '52756-07-21214'), 
(100, 2020-01-15, 15.50, '12345-67-89012'),
(101, 2020-04-20, 18.75, '23456-78-90123'),
(102, 2020-08-13, 20.00, '34567-89-01234'),
(103, 2020-11-02, 22.50, '45678-90-12345'),
(104, 2021-03-25, 17.20, '56789-01-23456'),
(105, 2015-06-08, 19.80, '67890-12-34567'),
(106, 2021-09-11, 21.00, '78901-23-45678'),
(107, 2021-01-30, 16.50, '89012-34-56789'),
(108, 2020-04-17, 24.00, '90123-45-67890'),
(109, 2020-07-09, 19.30, NULL),
(110, 2020-02-21, 15.80, '12345-67-89001'),
(111, 2021-08-14, 23.00, '23456-78-90124'),
(112, 2022-01-06, 20.50, '34567-89-01235'),
(113, 2023-03-30, 25.00, '45678-90-12346'),
(114, 2024-06-05, 19.00, NULL),
(115, 2024-09-18, 22.80, '56789-01-23457'),
(116, 2021-02-12, 21.90, '67890-12-34568'),
(117, 2021-07-24, 18.20, '78901-23-45679'),
(118, 2021-10-19, 17.50, '89012-34-56780'),
(119, 2021-04-15, 20.00, '90123-45-67891'),
(120, 2023-12-01, 19.50, '12345-67-89002'),
(121, 2020-09-04, 18.00, '23456-78-90125'),
(122, 2020-02-17, 19.80, '34567-89-01236'),
(123, 2020-05-03, 16.50, '45678-90-12347'),
(124, 2021-11-29, 20.20, '56789-01-23458'),
(125, 2015-01-23, 18.60, NULL),
(126, 2021-07-05, 21.00, '67890-12-34569'),
(127, 2021-11-16, 15.70, '78901-23-45680'),
(128, 2020-06-08, 22.40, '89012-34-56781'),
(129, 2020-02-21, 17.80, '90123-45-67892'),
(130, 2020-05-03, 18.30, NULL),
(131, 2021-12-26, 19.90, '12345-67-89003'),
(132, 2022-07-15, 20.60, '23456-78-90126'),
(133, 2023-09-02, 24.10, '34567-89-01237'),
(134, 2024-03-19, 20.80, '45678-90-12348'),
(135, 2024-06-22, 21.50, '56789-01-23459'),
(136, 2021-01-08, 22.70, '67890-12-34570'),
(137, 2021-05-01, 18.90, '78901-23-45681'),
(138, 2021-09-14, 23.10, '89012-34-56782'),
(139, 2021-12-09, 19.60, '90123-45-67893'),
(140, 2023-04-17, 21.00, '12345-67-89004'),
(141, 2020-04-12, 19.50, '23456-78-90127'),
(142, 2020-07-02, 21.20, '34567-89-01238'),
(143, 2021-10-05, 22.30, '45678-90-12349'),
(144, 2015-02-18, 19.80, '56789-01-23460'),
(145, 2021-11-11, 18.90, '67890-12-34571'),
(146, 2021-04-20, 20.10, '78901-23-45682'),
(147, 2020-01-30, 22.50, '89012-34-56783'),
(148, 2020-09-01, 19.30, '90123-45-67894'),
(149, 2020-12-05, 21.00, '12345-67-89005'),
(150, 2021-05-14, 19.70, '23456-78-90128'),
(151, 2022-03-06, 22.20, '34567-89-01239'),
(152, 2023-08-20, 20.40, '45678-90-12350'),
(153, 2024-10-15, 18.90, NULL),
(154, 2024-01-21, 23.50, '56789-01-23461'),
(155, 2021-06-18, 20.60, '67890-12-34572'),
(156, 2021-03-01, 21.10, '78901-23-45683'),
(157, 2021-11-30, 22.90, '89012-34-56784'),
(158, 2021-02-17, 19.80, '90123-45-67895'),
(159, 2023-07-01, 20.10, '12345-67-89006'),
(160, 2020-10-13, 21.30, '23456-78-90129'),
(161, 2020-12-05, 18.70, '34567-89-01240'),
(162, 2020-09-21, 20.00, '45678-90-12351'),
(163, 2021-05-02, 19.50, '56789-01-23462'),
(164, 2015-10-29, 21.20, '67890-12-34573'),
(165, 2021-08-13, 22.80, '78901-23-45684'),
(166, 2021-03-04, 23.10, '89012-34-56785'),
(167, 2020-09-25, 19.60, '90123-45-67896'),
(168, 2020-11-30, 20.30, '12345-67-89007'),
(169, 2020-06-22, 21.80, '23456-78-90130'),
(170, 2021-01-19, 20.10, '34567-89-01241'),
(171, 2022-10-06, 19.70, '45678-90-12352'),
(172, 2023-04-12, 21.40, '56789-01-23463'),
(173, 2024-09-23, 20.90, '67890-12-34574'),
(174, 2024-02-07, 22.30, '78901-23-45685'),
(175, 2021-03-25, 23.50, '89012-34-56786'),
(176, 2021-05-14, 21.00, NULL),
(177, 2021-07-01, 20.80, '90123-45-67897'),
(178, 2021-10-20, 19.90, '12345-67-89008'),
(179, 2023-02-13, 22.00, '23456-78-90131'),
(180, 2021-03-15, 21.60, '34567-89-01242');


-- INSERTION Dans Visites (69 visites)

INSERT INTO Visites (ClientID, HeureEntree, HeureSortie, TransactionID)
VALUES
(57, '2019-10-07 08:15:22', '2019-10-07 10:25:30', 1),
(42, '2020-05-13 12:05:14', '2020-05-13 14:15:45', 2),
(21, '2021-03-22 09:30:45', '2021-03-22 12:00:10', 3),
(61, '2022-07-11 15:30:29', '2022-07-11 17:45:37', 4),
(37, '2023-02-05 11:20:17', '2023-02-05 13:30:22', 5),
(63, '2021-09-20 10:50:50', '2021-09-20 13:10:30', 6),
(12, '2024-01-15 16:02:09', '2024-01-15 18:12:11', 7),
(9, '2020-10-18 07:45:33', '2020-10-18 10:05:25', 8),
(29, '2023-03-12 08:10:45', '2023-03-12 10:30:15', 9),
(49, '2024-02-17 17:40:35', '2024-02-17 19:55:40', 10),
(33, '2022-06-10 11:25:01', '2022-06-10 13:35:11', 11),
(71, '2023-08-21 13:40:12', '2023-08-21 16:00:20', 12),
(55, '2020-11-02 09:00:00', '2020-11-02 11:20:01', 13),
(48, '2021-12-03 14:10:55', '2021-12-03 16:30:30', 14),
(70, '2024-03-19 09:45:20', '2024-03-19 12:05:50', 15),
(45, '2022-08-28 16:05:00', '2022-08-28 18:25:00', 16),
(5, '2021-11-10 12:50:15', '2021-11-10 15:00:40', 17),
(4, '2023-07-02 13:45:25', '2023-07-02 15:55:10', 18),
(15, '2020-01-20 10:05:15', '2020-01-20 12:15:50', 19),
(28, '2022-03-17 09:00:12', '2022-03-17 11:25:35', 20),
(65, '2021-06-14 14:30:00', '2021-06-14 16:40:20', 21),
(54, '2023-09-05 08:50:05', '2023-09-05 11:00:40', 22),
(26, '2022-12-22 16:40:45', '2022-12-22 19:00:05', 23),
(74, '2020-04-13 13:20:30', '2020-04-13 15:45:50', 24),
(18, '2023-01-05 11:55:12', '2023-01-05 14:05:40', 25),
(67, '2024-04-30 10:10:10', '2024-04-30 12:30:15', 26),
(59, '2023-11-15 08:20:00', '2023-11-15 10:30:30', 27),
(8, '2021-05-10 15:25:50', '2021-05-10 17:35:40', 28),
(38, '2022-09-01 14:50:10', '2022-09-01 16:00:35', 29),
(30, '2020-06-02 13:10:45', '2020-06-02 15:20:30', 30),
(73, '2024-06-18 12:05:15', '2024-06-18 14:25:40', 31),
(22, '2021-04-04 08:45:15', '2021-04-04 10:55:05', 32),
(60, '2023-05-06 16:15:30', '2023-05-06 18:25:00', 33),
(77, '2022-02-28 11:10:10', '2022-02-28 13:20:40', 34),
(31, '2024-07-23 08:35:20', '2024-07-23 10:45:25', 35),
(56, '2021-10-12 14:50:35', '2021-10-12 16:55:15', 36),
(39, '2022-01-05 09:15:45', '2022-01-05 11:25:25', 37),
(14, '2024-05-02 17:25:55', '2024-05-02 19:35:45', 38),
(51, '2023-12-15 13:55:30', '2023-12-15 16:10:50', 39),
(25, '2020-07-30 08:25:00', '2020-07-30 10:40:00', 40),
(11, '2022-11-07 12:10:25', '2022-11-07 14:30:15', 41),
(10, '2021-07-14 09:45:30', '2021-07-14 12:05:45', 42),
(35, '2024-02-24 13:50:25', '2024-02-24 16:00:50', 43),
(64, '2023-08-17 11:00:00', '2023-08-17 13:10:25', 44),
(13, '2022-05-03 10:55:10', '2022-05-03 13:15:40', 45),
(52, '2024-09-22 14:35:40', '2024-09-22 16:45:30', 46),
(66, '2021-10-26 12:05:25', '2021-10-26 14:10:15', 47),
(32, '2023-02-18 09:25:15', '2023-02-18 11:40:20', 48),
(20, '2024-01-30 13:30:05', '2024-01-30 15:50:00', 49),
(69, '2022-06-20 10:15:45', '2022-06-20 12:30:25', 50),
(72, '2021-03-07 08:00:00', '2021-03-07 10:15:30', 51),
(53, '2023-06-14 16:25:50', '2023-06-14 18:40:40', 52),
(50, '2020-08-15 11:35:20', '2020-08-15 13:45:00', 53),
(43, '2024-03-08 13:05:00', '2024-03-08 15:15:30', 54),
(46, '2022-01-17 08:50:35', '2022-01-17 10:55:15', 55),
(7, '2023-11-05 12:10:05', '2023-11-05 14:20:50', 56),
(44, '2021-02-25 09:55:15', '2021-02-25 12:05:35', 57),
(40, '2022-10-09 08:25:00', '2022-10-09 10:45:20', 58),
(62, '2024-04-10 14:45:15', '2024-04-10 16:55:05', 59),
(34, '2021-08-17 15:00:35', '2021-08-17 17:10:20', 60),
(16, '2020-09-29 10:20:10', '2020-09-29 12:35:40', 61),
(58, '2024-03-27 09:45:25', '2024-03-27 11:55:30', 62),
(36, '2022-02-04 14:10:45', '2022-02-04 16:25:00', 63),
(47, '2023-05-28 10:35:20', '2023-05-28 12:50:25', 64),
(41, '2021-11-11 08:15:10', '2021-11-11 10:25:50', 65),
(24, '2022-04-18 15:55:40', '2022-04-18 18:15:00', 66),
(68, '2023-10-16 12:40:00', '2023-10-16 14:50:30', 67),
(23, '2024-07-01 09:30:45', '2024-07-01 11:40:00', 68),
(19, '2021-02-08 14:45:30', '2021-02-08 16:55:00', 69),
(17, '2022-07-22 10:00:05', '2022-07-22 12:15:35', 70),
(27, '2023-11-13 08:50:10', '2023-11-13 11:05:45', 71),
(62, '2021-05-27 16:35:25', '2021-05-27 18:40:30', 72),
(41, '2020-12-12 13:10:50', '2020-12-12 15:25:10', 73),
(28, '2024-02-02 08:25:15', '2024-02-02 10:35:25', 74),
(5, '2022-06-23 11:45:30', '2022-06-23 13:55:40', 75),
(33, '2024-05-11 14:05:35', '2024-05-11 16:15:10', 76),
(56, '2022-10-05 09:45:25', '2022-10-05 11:55:15', 77),
(50, '2020-12-10 08:55:00', '2020-12-10 11:05:25', 78),
(39, '2021-07-03 12:20:10', '2021-07-03 14:30:05', 79),
(26, '2023-04-25 10:30:35', '2023-04-25 12:40:25', 80),
(60, '2022-03-06 13:50:30', '2022-03-06 16:00:10', 81),
(67, '2021-09-23 08:40:00', '2021-09-23 10:50:45', 82),
(28, '2023-06-07 15:15:55', '2023-06-07 17:25:35', 83),
(48, '2024-04-27 11:05:00', '2024-04-27 13:10:10', 84),
(51, '2020-08-11 10:15:30', '2020-08-11 12:25:10', 85),
(24, '2021-01-23 14:40:05', '2021-01-23 16:50:35', 86),
(35, '2022-09-04 09:05:25', '2022-09-04 11:20:15', 87),
(69, '2023-11-13 08:10:45', '2023-11-13 10:20:25', 88),
(40, '2024-03-17 12:50:30', '2024-03-17 15:00:20', 89),
(68, '2021-06-29 13:35:45', '2021-06-29 15:45:25', 90),
(64, '2020-11-08 11:45:10', '2020-11-08 13:55:55', 91),
(32, '2022-02-20 14:10:30', '2022-02-20 16:20:15', 92),
(61, '2023-07-22 10:25:15', '2023-07-22 12:35:45', 93),
(47, '2024-09-12 13:50:50', '2024-09-12 16:05:05', 94),
(10, '2021-04-25 15:10:20', '2021-04-25 17:20:10', 95),
(3, '2022-01-10 13:25:25', '2022-01-10 15:35:40', 96),
(19, '2023-02-28 14:00:05', '2023-02-28 16:10:30', 97),
(29, '2020-12-14 09:55:35', '2020-12-14 12:05:00', 98),
(16, '2021-09-11 12:25:10', '2021-09-11 14:35:25', 99),
(21, '2024-06-18 10:50:40', '2024-06-18 12:55:20', 100),
(53, '2023-08-10 11:35:15', '2023-08-10 13:45:05', 101),
(63, '2020-10-17 14:40:30', '2020-10-17 16:50:25', 102),
(37, '2022-11-03 08:55:05', '2022-11-03 11:05:50', 103),
(70, '2024-07-29 15:25:40', '2024-07-29 17:35:10', 104),
(52, '2021-02-14 12:10:00', '2021-02-14 14:20:25', 105),
(46, '2023-05-13 10:05:10', '2023-05-13 12:15:30', 106),
(58, '2020-01-12 08:30:15', '2020-01-12 10:40:25', 107),
(75, '2024-08-21 11:15:40', '2024-08-21 13:25:55', 108),
(49, '2022-04-16 13:40:50', '2022-04-16 15:50:35', 109),
(74, '2021-10-28 15:00:35', '2021-10-28 17:10:10', 110),
(25, '2023-09-19 11:50:05', '2023-09-19 14:00:40', 111),
(12, '2024-04-12 08:10:50', '2024-04-12 10:20:20', 112),
(33, '2022-03-08 09:30:45', '2022-03-08 11:40:25', 113),
(22, '2020-07-23 10:55:25', '2020-07-23 13:05:40', 114),
(18, '2021-08-14 12:20:10', '2021-08-14 14:30:05', 115),
(5, '2023-02-24 15:25:50', '2023-02-24 17:35:25', 116),
(67, '2024-01-21 14:45:40', '2024-01-21 16:55:00', 117),
(27, '2022-10-03 08:10:35', '2022-10-03 10:20:45', 118),
(68, '2023-04-28 10:50:00', '2023-04-28 12:55:20', 119),
(44, '2024-02-26 11:10:10', '2024-02-26 13:20:50', 120),
(11, '2021-05-19 09:45:25', '2021-05-19 11:55:00', 121),
(43, '2023-01-29 14:30:40', '2023-01-29 16:40:25', 122),
(54, '2022-08-15 13:35:25', '2022-08-15 15:45:50', 123),
(35, '2020-03-14 09:05:05', '2020-03-14 11:15:30', 124),
(59, '2021-06-04 08:40:35', '2021-06-04 10:50:15', 125),
(19, '2023-09-17 14:50:55', '2023-09-17 16:55:05', 126),
(23, '2024-07-10 12:30:40', '2024-07-10 14:40:10', 127),
(32, '2022-06-19 10:10:25', '2022-06-19 12:20:30', 128),
(41, '2021-10-20 14:15:40', '2021-10-20 16:25:25', 129),
(50, '2023-12-07 13:55:10', '2023-12-07 16:05:40', 130),
(28, '2020-08-04 08:25:55', '2020-08-04 10:35:15', 131),
(67, '2024-05-30 09:45:25', '2024-05-30 11:55:40', 132),
(10, '2021-11-12 15:35:15', '2021-11-12 17:45:50', 133),
(46, '2023-03-24 09:20:30', '2023-03-24 11:30:40', 134),
(13, '2024-03-29 14:00:05', '2024-03-29 16:10:25', 135),
(34, '2022-11-19 10:10:50', '2022-11-19 12:20:15', 136),
(72, '2021-04-02 08:40:30', '2021-04-02 10:50:40', 137),
(61, '2020-05-13 15:25:05', '2020-05-13 17:35:30', 138),
(55, '2023-08-18 13:45:55', '2023-08-18 15:55:25', 139),
(60, '2024-02-11 12:10:35', '2024-02-11 14:20:00', 140),
(25, '2021-05-03 09:15:40', '2021-05-03 11:25:30', 141),
(37, '2022-08-01 13:30:25', '2022-08-01 15:40:50', 142),
(49, '2023-10-06 10:00:05', '2023-10-06 12:10:35', 143),
(36, '2020-09-14 14:50:25', '2020-09-14 16:55:45', 144),
(17, '2024-02-06 12:05:30', '2024-02-06 14:15:00', 145),
(64, '2021-07-09 08:50:40', '2021-07-09 10:55:30', 146),
(56, '2023-05-04 13:10:00', '2023-05-04 15:15:20', 147),
(62, '2022-10-12 09:35:50', '2022-10-12 11:40:10', 148),
(58, '2024-03-02 10:20:05', '2024-03-02 12:25:50', 149),
(34, '2020-06-18 14:05:30', '2020-06-18 16:15:00', 150),
(70, '2023-11-02 12:40:00', '2023-11-02 14:50:20', 151),
(29, '2021-01-04 08:15:25', '2021-01-04 10:25:50', 152),
(68, '2024-06-09 13:00:35', '2024-06-09 15:10:00', 153),
(63, '2022-02-17 09:45:45', '2022-02-17 11:55:30', 154),
(18, '2020-03-22 10:55:05', '2020-03-22 13:00:15', 155),
(40, '2021-08-08 13:10:50', '2021-08-08 15:20:00', 156),
(72, '2023-12-02 10:05:40', '2023-12-02 12:15:10', 157),
(61, '2024-09-06 09:25:25', '2024-09-06 11:35:05', 158),
(19, '2022-04-02 14:15:20', '2022-04-02 16:20:30', 159),
(26, '2020-11-11 10:35:35', '2020-11-11 12:45:00', 160),
(57, '2023-07-18 11:40:10', '2023-07-18 13:50:30', 161),
(41, '2024-03-14 08:45:50', '2024-03-14 10:55:15', 162),
(54, '2022-05-28 09:30:35', '2022-05-28 11:40:05', 163),
(22, '2021-06-13 13:00:05', '2021-06-13 15:10:20', 164),
(49, '2020-10-04 08:25:20', '2020-10-04 10:35:40', 165),
(25, '2023-01-20 09:55:15', '2023-01-20 12:05:00', 166),
(35, '2024-08-14 14:10:50', '2024-08-14 16:20:10', 167),
(67, '2021-02-28 10:25:25', '2021-02-28 12:30:15', 168),
(69, '2022-07-06 13:45:40', '2022-07-06 15:55:20', 169),
(43, '2023-04-03 09:10:30', '2023-04-03 11:20:50', 170),
(36, '2021-01-19 12:35:15', '2021-01-19 14:45:00', 171),
(55, '2020-07-28 10:10:05', '2020-07-28 12:20:20', 172),
(13, '2022-09-09 09:30:55', '2022-09-09 11:40:30', 173),
(71, '2023-11-04 13:10:00', '2023-11-04 15:20:10', 174),
(16, '2024-04-18 12:55:40', '2024-04-18 15:05:30', 175),
(48, '2021-11-07 10:20:10', '2021-11-07 12:30:25', 176),
(62, '2022-12-15 13:30:45', '2022-12-15 15:40:15', 177),
(24, '2020-04-10 09:00:05', '2020-04-10 11:10:25', 178),
(30, '2023-03-28 12:45:25', '2023-03-28 14:55:30', 179),
(41, '2024-01-16 14:05:00', '2024-01-16 16:15:15', 180),
(49, '2021-07-21 08:35:35', '2021-07-21 10:45:00', 181),
(63, '2022-10-09 13:40:25', '2022-10-09 15:50:35', 182),
(60, '2023-08-19 09:10:10', '2023-08-19 11:20:25', 183),
(52, '2021-03-01 10:00:40', '2021-03-01 12:10:15', 184),
(37, '2024-07-24 13:35:30', '2024-07-24 15:45:20', 185),
(57, '2020-05-26 09:55:50', '2020-05-26 12:05:00', 186),
(35, '2023-09-29 14:25:35', '2023-09-29 16:35:25', 187),
(61, '2024-02-22 10:45:25', '2024-02-22 12:55:15', 188),
(56, '2022-01-07 08:10:00', '2022-01-07 10:20:25', 189),
(41, '2021-12-12 14:00:25', '2021-12-12 16:10:35', 190),
(66, '2024-06-30 13:50:40', '2024-06-30 15:55:00', 191),
(24, '2022-04-30 09:25:15', '2022-04-30 11:35:45', 192),
(29, '2020-09-22 13:05:50', '2020-09-22 15:15:00', 193),
(31, '2023-05-14 12:40:15', '2023-05-14 14:50:25', 194),
(42, '2024-11-12 08:30:05', '2024-11-12 10:40:45', 195),
(65, '2021-06-05 10:25:30', '2021-06-05 12:35:55', 196),
(33, '2022-07-17 09:15:25', '2022-07-17 11:25:30', 197),
(49, '2023-10-15 13:50:10', '2023-10-15 15:55:50', 198),
(55, '2020-11-27 08:45:15', '2020-11-27 10:55:35', 199),
(46, '2021-05-17 13:40:30', '2021-05-17 15:50:10', 200);

-- INSERTION Dans Clients (98)

INSERT INTO Clients (PersonneID, ClientEstActif, NumeroCarteBancaire, Email, ParcoursEnCours)
VALUES
(1, 1, '1234567890123456', 'mystic.adventure92@gmail.com', NULL),
(2, 1, '2345678901234567', 'sunny.dreamer85@yahoo.com', 1),
(3, 0, '3456789012345678', 'creative.soul2023@hotmail.com', 2),
(4, 1, '4567890123456789', 'tech.guru32@outlook.com', 3),
(5, 1, '5678901234567890', 'blue.skyfinder97@gmail.com', NULL),
(6, 0, '6789012345678901', 'wanderlust.explorer88@yahoo.com', 1),
(7, 1, '7890123456789012', 'ocean.lover12@hotmail.com', 4),
(8, 1, '8901234567890123', 'vibrant.vision33@gmail.com', NULL),
(9, 1, '9012345678901234', 'happy.mindset24@yahoo.com', 2),
(10, 0, '0123456789012345', 'happy.mindset24@yahoo.com', NULL),
(11, 1, '1234567890123456', 'galaxy.traveller2000@outlook.com', 3),
(12, 1, '2345678901234567', 'bright.spark20@gmail.com', 1),
(13, 0, '3456789012345678', 'curious.geek45@yahoo.com', 2),
(14, 1, '4567890123456789', 'silver.moonlight67@hotmail.com', NULL),
(15, 1, '5678901234567890', 'cosmic.dreamer54@gmail.com', 4),
(16, 1, '6789012345678901', 'swift.fox96@yahoo.com', NULL),
(17, 0, '7890123456789012', 'adventure.junkie03@hotmail.com', 3),
(18, 1, '8901234567890123', 'peaceful.mind88@outlook.com', NULL),
(19, 0, '9012345678901234', 'hidden.treasure61@gmail.com', 2),
(20, 1, '0123456789012345', 'silent.wave13@yahoo.com', 1),
(21, 1, '1234567890123456', 'electric.breeze44@hotmail.com', NULL),
(22, 0, '2345678901234567', 'mystic.vibes22@gmail.com', 2),
(23, 1, '3456789012345678', 'echo.sound55@yahoo.com', NULL),
(24, 1, '4567890123456789', 'midnight.vision10@outlook.com', 3),
(25, 1, '5678901234567890', 'warm.sunset77@gmail.com', NULL),
(26, 1, '6789012345678901', 'cosmic.eagle30@yahoo.com', 4),
(27, 0, '7890123456789012', 'digital.guru94@hotmail.com', NULL),
(28, 1, '8901234567890123', 'purple.horizon16@gmail.com', 1),
(29, 0, '9012345678901234', 'gentle.whisper69@yahoo.com', 2),
(30, 1, '0123456789012345', 'crystal.clear88@outlook.com', NULL),
(31, 1, '1234567890123456', 'wild.heart07@gmail.com', 3),
(32, 0, '2345678901234567', 'radiant.soul49@yahoo.com', NULL),
(33, 1, '3456789012345678', 'starry.night25@hotmail.com', 4),
(34, 0, '4567890123456789', 'dream.catcher56@gmail.com', NULL),
(35, 1, '5678901234567890', 'moonlit.pathway44@yahoo.com', 1),
(36, 1, '6789012345678901', 'bright.sunshine08@outlook.com', NULL),
(37, 0, '7890123456789012', 'peaceful.lake21@gmail.com', 2),
(38, 1, '8901234567890123', 'golden.melody33@yahoo.com', 3),
(39, 0, '9012345678901234', 'mystical.shadow64@hotmail.com', NULL),
(40, 1, '0123456789012345', 'adventure.time12@gmail.com', 1),
(41, 1, '1234567890123456', 'calm.breeze01@yahoo.com', NULL),
(42, 1, '2345678901234567', 'bold.pioneer89@outlook.com', 2),
(43, 0, '3456789012345678', 'clear.sky18@gmail.com', 3),
(44, 1, '4567890123456789', 'tranquil.garden73@yahoo.com', 4),
(45, 0, '5678901234567890', 'rising.sunset54@hotmail.com', NULL),
(46, 1, '6789012345678901', 'smooth.waves45@gmail.com', 1),
(47, 1, '7890123456789012', 'happy.craze30@yahoo.com', 2),
(48, 0, '8901234567890123', 'lucky.finder12@outlook.com', NULL),
(49, 1, '9012345678901234', 'swift.tiger88@gmail.com', 3),
(50, 1, '0123456789012345', 'dark.horizon57@yahoo.com', NULL),
(51, 0, '1234567890123456', 'gentle.rain26@hotmail.com', 2),
(52, 1, '2345678901234567', 'electric.soul09@gmail.com', 1),
(53, 0, '3456789012345678', 'peaceful.mountains68@yahoo.com', 4),
(54, 1, '4567890123456789', 'bright.flame77@outlook.com', NULL),
(55, 1, '5678901234567890', 'shining.star32@gmail.com', 2),
(56, 1, '6789012345678901', 'clear.moon68@yahoo.com', NULL),
(57, 0, '7890123456789012', 'creative.dream34@hotmail.com', 3),
(58, 1, '8901234567890123', 'starry.sky74@gmail.com', 4),
(59, 0, '9012345678901234', 'fearless.journey49@yahoo.com', NULL),
(60, 1, '0123456789012345', 'vibrant.mindset10@outlook.com', 1),
(61, 1, '1234567890123456', 'shining.pathway11@gmail.com', 2),
(62, 0, '2345678901234567', 'calm.seas23@yahoo.com', NULL),
(63, 1, '3456789012345678', 'swift.wind29@hotmail.com', 3),
(64, 0, '4567890123456789', 'golden.glimmer47@gmail.com', NULL),
(65, 1, '5678901234567890', 'peaceful.dreamer60@yahoo.com', 4),
(66, 1, '6789012345678901', 'cosmic.surfer94@outlook.com', NULL),
(67, 0, '7890123456789012', 'electric.glow18@gmail.com', 1),
(68, 1, '8901234567890123', 'open.horizon52@yahoo.com', 2),
(69, 1, '9012345678901234', 'dreamy.soul15@hotmail.com', NULL),
(70, 0, '0123456789012345', 'radiant.earth21@gmail.com', 3),
(71, 1, '1234567890123456', 'midnight.road48@yahoo.com', NULL),
(72, 1, '2345678901234567', 'gentle.glow24@outlook.com', 1),
(73, 0, '3456789012345678', 'cosmic.vision33@gmail.com', 2),
(74, 1, '4567890123456789', 'lively.journey10@yahoo.com', NULL),
(75, 1, '5678901234567890', 'sunny.melody71@hotmail.com', 4),
(76, 1, '6789012345678901', 'calm.breeze18@gmail.com', 3),
(77, 0, '7890123456789012', 'bright.night34@yahoo.com', NULL),
(78, 1, '8901234567890123', 'creative.light58@outlook.com', 2),
(79, 0, '9012345678901234', 'bold.traveller02@gmail.com', NULL),
(80, 1, '0123456789012345', 'warm.horizon59@yahoo.com', 4),
(81, 1, '1234567890123456', 'vivid.mind27@hotmail.com', NULL),
(82, 0, '2345678901234567', 'peaceful.traveller80@gmail.com', 1),
(83, 1, '3456789012345678', 'magical.breeze03@yahoo.com', 3),
(84, 1, '4567890123456789', 'gentle.waves14@outlook.com', NULL),
(85, 0, '5678901234567890', 'endless.sky89@gmail.com', 2),
(86, 1, '6789012345678901', 'radiant.surfer56@yahoo.com', 1),
(87, 0, '7890123456789012', 'silent.wonder33@hotmail.com', NULL),
(88, 1, '8901234567890123', 'silver.storm07@gmail.com', 3),
(89, 1, '9012345678901234', 'glowing.pathway99@yahoo.com', 4),
(90, 0, '0123456789012345', 'cosmic.whisper10@outlook.com', NULL),
(91, 1, '1234567890123456', 'peaceful.glimmer45@gmail.com', 1),
(92, 0, '2345678901234567', 'brave.soul22@yahoo.com', 2),
(93, 1, '3456789012345678', 'shining.waves50@hotmail.com', NULL),
(94, 0, '4567890123456789', 'crystal.dreamer31@gmail.com', 3),
(95, 1, '5678901234567890', 'moonlit.glimpse09@yahoo.com', NULL),
(96, 0, '6789012345678901', 'vibrant.horizon67@outlook.com', 4),
(97, 1, '7890123456789012', 'blue.dreamer34@gmail.com', 1),
(98, 0, '8901234567890123', 'endless.ocean85@yahoo.com', 2),
(99, 1, '9012345678901234', 'wild.vision23@hotmail.com', NULL)



-- INSERTION Dans Transactions (130 Transactions)
SELECT * FROm Transactions
INSERT INTO Transactions (MontantTransaction, DateTransaction) VALUES
(150.75, 2023-11-19-14-30-00),
(220.50, 2024-11-18-09-00-00),
(85.20, NULL),
(60.10, 2024-11-17-11-45-00),
(190.00, 2024-11-16-16-00-00),
(120.00, 2024-11-15-10-30-00),
(30.40, NULL),
(250.00, 2024-11-14-15-10-00),
(77.50, 2024-11-13-13-00-00),
(200.10, 2024-11-12-12-30-00),
(150.00, 2024-11-11-08-15-00),
(40.60, 2024-11-10-17-00-00),
(99.99, 2024-11-09-14-45-00),
(199.99, 2024-11-08-09-30-00),
(120.50, 2024-11-07-18-00-00),
(130.80, 2024-11-06-11-10-00),
(175.90, 2024-11-05-16-45-00),
(50.25, NULL),
(250.00, 2024-11-04-10-20-00),
(80.15, 2024-11-03-14-55-00),
(100.00, 2024-11-02-12-00-00),
(60.00, 2024-11-01-15-35-00),
(45.90, NULL),
(95.60, 2024-10-31-16-50-00),
(10.20, NULL),
(185.00, 2024-10-30-09-25-00),
(230.00, 2024-10-29-13-40-00),
(60.90, 2024-10-28-10-10-00),
(120.75, 2024-10-27-14-20-00),
(200.00, 2024-10-26-12-45-00),
(90.30, NULL),
(215.00, 2024-10-25-16-30-00),
(150.50, 2024-10-24-11-00-00),
(170.25, 2024-10-23-15-55-00),
(80.30, 2024-10-22-09-15-00),
(60.00, NULL),
(110.90, 2024-10-21-14-00-00),
(190.00, 2024-10-20-16-10-00),
(60.60, 2024-10-19-11-30-00),
(80.40, 2024-10-18-10-20-00),
(100.50, 2024-10-17-15-25-00),
(50.30, NULL),
(99.99, 2024-10-16-09-45-00),
(130.00, 2024-10-15-11-20-00),
(200.50, 2024-10-14-14-50-00),
(75.10, 2024-10-13-16-40-00),
(180.00, 2024-10-12-12-30-00),
(50.10, 2024-10-11-10-10-00),
(250.00, NULL),
(85.60, 2024-10-10-14-30-00),
(60.90, 2024-10-09-15-00-00),
(125.00, 2024-10-08-11-10-00),
(190.00, 2024-10-07-12-50-00),
(80.70, 2024-10-06-10-40-00),
(40.50, 2024-10-05-16-10-00),
(120.40, NULL),
(150.30, 2024-10-04-14-00-00),
(99.90, 2024-10-03-09-15-00),
(200.00, NULL),
(70.00, 2024-10-02-16-30-00),
(110.50, 2024-10-01-15-15-00),
(240.00, 2024-09-30-14-45-00),
(85.40, 2024-09-29-13-10-00),
(99.00, 2024-09-28-11-50-00),
(75.80, 2024-09-27-12-30-00),
(190.00, NULL),
(60.50, 2024-09-26-10-50-00),
(80.60, 2024-09-25-14-20-00),
(100.60, 2024-09-24-16-10-00),
(50.70, NULL),
(90.90, 2024-09-23-12-30-00),
(150.40, 2024-09-22-09-15-00),
(230.00, 2024-09-21-13-40-00),
(190.90, 2024-09-20-11-25-00),
(100.10, 2024-09-19-10-00-00),
(140.00, 2024-09-18-16-15-00),
(60.30, NULL),
(99.50, 2024-09-17-15-10-00),
(150.00, 2024-09-16-14-40-00),
(80.10, NULL),
(60.80, 2024-09-15-13-30-00),
(90.00, 2024-09-14-12-00-00),
(120.60, 2024-09-13-10-50-00),
(50.50, 2024-09-12-14-15-00),
(75.20, NULL),
(99.80, 2024-09-11-15-30-00),
(200.00, 2024-09-10-16-00-00),
(140.30, 2024-09-09-13-40-00),
(150.10, 2024-09-08-12-20-00),
(85.30, 2024-09-07-10-00-00),
(60.20, 2024-09-06-14-50-00),
(100.40, NULL),
(110.60, 2024-09-05-13-10-00),
(75.00, 2024-09-04-09-30-00),
(85.00, 2024-09-03-11-20-00),
(150.60, 2024-09-02-16-40-00),
(130.50, 2024-09-01-14-10-00),
(99.70, 2024-08-31-13-50-00),
(190.00, 2024-08-30-12-40-00),
(75.60, NULL),
(80.90, 2024-08-29-10-00-00),
(100.30, 2024-08-28-14-20-00),
(250.00, 2024-08-27-15-30-00),
(50.60, 2024-08-26-12-50-00),
(99.00, 2024-08-25-10-30-00),
(150.20, 2024-08-24-16-00-00),
(60.40, 2024-08-23-14-00-00),
(120.80, NULL),
(200.10, 2024-08-22-12-10-00),
(150.90, 2024-08-21-10-40-00),
(80.30, 2024-08-20-09-20-00),
(100.80, 2024-08-19-13-30-00),
(130.00, 2024-08-18-15-50-00),
(70.30, 2024-08-17-10-00-00),
(60.00, 2024-08-16-14-10-00),
(99.10, 2024-08-15-16-30-00),
(80.00, NULL),
(150.70, 2024-08-14-11-10-00),
(200.00, 2024-08-13-12-20-00),
(90.30, 2024-08-12-15-00-00),
(140.50, NULL),
(100.10, 2024-08-11-14-45-00),
(70.10, 2024-08-10-10-30-00),
(250.00, 2024-08-09-13-00-00),
(110.40, 2024-08-08-16-20-00),
(100.00, 2024-08-07-15-00-00),
(75.30, NULL),
(80.60, 2024-08-06-13-30-00),
(50.30, 2024-08-05-14-50-00),
(90.20, 2024-08-04-12-30-00),
(130.40, 2024-08-03-16-00-00);


-- INSERTION Dans Parcours (99 Parcours)

INSERT INTO Parcours (NomDuParcours, NiveauDifficulte, TypeDeParcours, EstInstalle)
VALUES 
('La Vallée de la Mort', 3, 'Bouldering', 1),
('Le Créne du Géant', 5, 'Dino', 1),
('L''Ascension du Titan', 2, 'Crimp', 1),
('Le Mur du Faucon', 4, 'Stab', 1),
('La Fissure du Dragon', 6, 'Dynamique', 1),
('Lééil du Cyclone', NULL, 'Statique', 0),
('Les Griffes du Prédateur', 1, 'Bouldering', 1),
('La Route de léEnfer', 4, 'Stab', 1),
('Le Céur de la Tempéte', 2, 'Crimp', 1),
('LéAntre de la Béte', 5, 'Dino', 0),
('La Grotte du Crocodile', 3, 'Bouldering', 1),
('La Cascade des Ombres', NULL, 'Statique', 1),
('Le Passage des éléphants', 6, 'Dynamique', 0),
('LéEmpire des Glaces', 1, 'Crimp', 1),
('L''Escalade des Anciens', 4, 'Dino', 1),
('La Crevasse des Titans', 2, 'Bouldering', 1),
('Le Pic des Démons', NULL, 'Stab', 0),
('La Montée de la Manticore', 3, 'Dynamique', 1),
('Le Trou du Serpent', 5, 'Statique', 1),
('Le Chemin du Vautour', 1, 'Crimp', 1),
('La Forét Maudite', 6, 'Stab', 0),
('Le Voyage du Phoenix', 4, 'Dino', 1),
('L''Ascension de l''Ombre', 3, 'Bouldering', 1),
('Le Rocher du Léviathan', NULL, 'Dynamique', 1),
('Le Saut du Scorpion', 2, 'Statique', 1),
('La Montée du Volcan', 5, 'Bouldering', 1),
('Le Mur des émes Perdues', NULL, 'Dino', 1),
('Le Pic des Tempétes', 4, 'Crimp', 1),
('L''Escalade de l''Apocalypse', 6, 'Stab', 1),
('La Ruée vers l''Inferno', 1, 'Dynamique', 0),
('Le Mur de l''éclipse', 3, 'Statique', 1),
('Le Passage des Corbeaux', 2, 'Crimp', 1),
('Le Sentier des Légendes', 5, 'Bouldering', 0),
('L''Escalier du Loup', NULL, 'Stab', 1),
('La Créte des Fantémes', 6, 'Dino', 1),
('La Vallée des émes', 4, 'Bouldering', 0),
('La Faille du Jugement', 2, 'Dynamique', 1),
('L''Ascension du Vortex', 1, 'Statique', 1),
('La Pente de l''Hydre', 5, 'Crimp', 0),
('Le Canyon des Ombres', 3, 'Stab', 1),
('La Chute des étoiles', NULL, 'Bouldering', 1),
('Le Rocher du Hurlement', 6, 'Dino', 1),
('L''échappée du Grizzly', 4, 'Crimp', 1),
('Le Mur de la Serpentine', 1, 'Dynamique', 1),
('Le Pic du Kraken', 5, 'Statique', 1),
('Le Mur du Corbeau Noir', NULL, 'Bouldering', 1),
('Le Passage du Dragon Rouge', 3, 'Dino', 1),
('Le Canyon des Lamentations', 2, 'Stab', 0),
('La Route de la Liberté', 6, 'Bouldering', 1),
('Le Sentier des Cendres', 4, 'Crimp', 1),
('La Couronne des Dieux', 1, 'Dynamique', 1),
('La Pente du Golem', 5, 'Statique', 0),
('L''Escalade du Phénix', 3, 'Stab', 1),
('La Crevasse Maudite', NULL, 'Dino', 0),
('La Route de l''Ombre', 6, 'Bouldering', 1),
('La Voie des étoiles', 4, 'Crimp', 1),
('La Fissure des Cauchemars', 2, 'Dynamique', 1),
('Le Mur du Chasseur', 1, 'Statique', 0),
('L''Ascension des Légendes', 5, 'Bouldering', 1),
('Le Rocher du Dragon', NULL, 'Stab', 1),
('La Montée de l''Immortel', 3, 'Dino', 1),
('La Cheminée des Vents', 6, 'Crimp', 0),
('Le Passage de lééclipse', 4, 'Stab', 1),
('Le Rocher de la Légende', 1, 'Dynamique', 1),
('L''Escalade du Serpent de Pierre', 5, 'Bouldering', 0),
('Le Mur des Titans', 3, 'Statique', 1),
('Le Pic de la Foudre', NULL, 'Crimp', 1),
('Le Grimper du Spectre', 6, 'Stab', 1),
('La Créte de la Tempéte', 4, 'Dino', 1),
('Le Rocher du Sphinx', 2, 'Bouldering', 1),
('Le Passage des Géants', 5, 'Crimp', 1),
('L''Ascension des Lunes', NULL, 'Dynamique', 1),
('La Pente du Néant', 3, 'Statique', 1),
('La Forét des Solitaires', 1, 'Bouldering', 0),
('Le Passage du Kraken', 4, 'Stab', 1),
('Le Mur de la Chute de Feu', 2, 'Dino', 1),
('La Route des Guerriers', NULL, 'Crimp', 1),
('L''Escalade du Requin', 6, 'Stab', 1),
('Le Rocher de léEnfer', 5, 'Dynamique', 1),
('Le Sentier des Ombres', 3, 'Bouldering', 1),
('Le Chemin de l''étoile du Matin', 1, 'Statique', 1),
('L''Ascension des Tempétes', 4, 'Crimp', 1),
('La Montée des émes', NULL, 'Dino', 0),
('La Forét de Fer', 6, 'Bouldering', 1),
('Le Rocher du Fantéme', 2, 'Stab', 1),
('Le Mur des Vents', 5, 'Dynamique', 1),
('L''Ascension de l''Inconnu', 3, 'Crimp', 1),
('La Vallée des Ombres', 1, 'Statique', 1),
('Le Rocher de l''éternité', 4, 'Bouldering', 1),
('L''Escalade du Vieux Sage', NULL, 'Dino', 1),
('Le Passage de l''Aigle', 2, 'Stab', 1),
('Le Mont des Démons', 6, 'Crimp', 0),
('La Route du Ciel Infini', 5, 'Dynamique', 1),
('La Créte de léOubli', 3, 'Bouldering', 1),
('Le Mur des Cieux', 1, 'Statique', 1),
('La Faille des Réves', NULL, 'Stab', 0),
('La Créte des Ombres Silencieuses', 6, 'Dino', 1),
('Le Chemin des Anciens', 4, 'Crimp', 1),
('Le Mur des Enfers', 2, 'Bouldering', 1),
('Le Passage des Dragons Volants', 5, 'Stab', 1);