--INSERTION Dans Personnes (179 personnes)

INSERT INTO Personnes (Nom, Prenom, DateNaissance) 
VALUES
('Dupont', 'Jean', 1985-03-12),                   
('Durand', 'Marie', 1990-07-22),
('Martin', 'Pierre', 1982-06-11),
('Lemoine', 'Claire', 1993-10-03),
('Moreau', 'Luc', 1979-02-25),
('Lefevre', 'Sophie', 2000-05-15),
('Roux', 'Louis', 1987-09-09),
('Garcia', 'Isabelle', 1995-11-30),
('Michel', 'Henri', 1981-08-17),
('Bernard', 'Catherine', 1992-12-06),
('Robert', 'Julien', 1988-01-24),
('Petit', 'Emma', 1994-04-14),
('Girard', 'Thomas', 1996-06-19),
('Lopez', 'Sandro', 1991-03-07),
('Benoit', 'Léa', 1983-07-28),
('Boucher', 'Alexandre', 1989-11-02),
('Simon', 'Amélie', 2001-02-20),
('Caron', 'Victor', 1984-12-12),
('Meyer', 'Chloé', 1999-09-09),
('Chauvin', 'David', 1990-08-04),
('Bailly', 'Charlotte', 1980-05-18),
('Pires', 'Nicolas', 1997-04-11),
('Francois', 'Caroline', 2000-01-01),
('Thomas', 'Emilie', 1993-10-29),
('Tanguy', 'Vincent', 1986-02-14),
('Bertin', 'Clara', 1988-11-23),
('Gauthier', 'Paul', 1982-06-05),
('Fournier', 'Laure', 1995-10-08),
('Pires', 'Sébastien', 1987-09-27),
('Vidal', 'Aurélie', 1994-03-18),
('Lemoine', 'Lucie', 1991-12-02),
('Renard', 'Cédric', 1984-04-13),
('Rousseau', 'Camille', 1998-08-22),
('Joly', 'Hugo', 1985-05-05),
('Marchand', 'Lola', 1992-07-10),
('Vincent', 'Nathan', 1987-11-15),
('Descamps', 'Ines', 2002-01-13),
('Vautier', 'Clément', 1983-04-20),
('Garnier', 'Sarah', 1999-05-12),
('Vasseur', 'Géraldine', 1991-01-01),
('Lemoine', 'Antoine', 1980-08-23),
('Leclerc', 'Yann', 1989-06-14),
('Beauvais', 'Léna', 1996-09-05),
('Lambert', 'Julie', 1997-10-07),
('Foucher', 'Thierry', 1984-12-21),
('Thompson', 'Rebecca', 1993-01-16),
('Bouvier', 'Arthur', 1990-05-19),
('Sauvage', 'Laetitia', 1992-04-28),
('Petit', 'Maxime', 1991-02-15),
('Paillard', 'Mélanie', 1982-03-22),
('Bourdon', 'Lucas', 1986-07-09),
('Gauthier', 'Sophie', 2000-12-17),
('Dufresne', 'Elise', 1995-01-01),
('Fresne', 'Bernard', 1993-05-27),
('Lemoine', 'Pascal', 1994-03-06),
('Mélard', 'Martine', 1998-10-13),
('Moulin', 'Isabelle', 1990-02-01),
('Fournier', 'Fabien', 1982-04-10),
('Chauvin', 'Olivier', 1994-09-19),
('Debeauvais', 'Franéois', 1996-07-03),
('Pires', 'Valérie', 1992-05-22),
('Broussard', 'Aurélien', 2000-06-01),
('Delaunay', 'Franéoise', 1989-09-01),
('Vallée', 'Jacques', 1980-03-29),
('Allain', 'Patricia', 1986-02-12),
('Lemoine', 'Michel', 1995-12-17),
('Bélanger', 'Alice', 1999-04-22),
('Carpentier', 'Charles', 1982-11-14),
('Georges', 'Sandra', 1997-08-06),
('Carette', 'Anne', 1993-05-15),
('Joly', 'Raphaél', 1994-10-11),
('Tanguy', 'Cécile', 1995-09-01),
('Vidal', 'David', 1988-02-28),
('Renard', 'Laura', 1983-03-12),
('Michel', 'Gaélle', 1991-05-04),
('Tanguy', 'Pierre', 1997-11-30),
('Benoit', 'Olivier', 1987-06-22),
('Rousseau', 'Louise', 2000-04-05),
('Benoit', 'Soléne', 1992-07-29),
('Lemoine', 'Gilbert', 1984-11-01),
('Petit', 'Luc', 1988-12-02),
('Thomson', 'Gérard', 1993-06-18),
('Vasseur', 'Sonia', 1995-05-03),
('Dufresne', 'Antoine', 2000-01-30),
('Bourdon', 'Julie', 1996-10-22),
('Lopez', 'Guillaume', 1981-04-12),
('Renard', 'Nathalie', 1982-08-16),
('Lemoine', 'Valérie', 1985-10-10),
('Moulin', 'Benoét', 1998-07-19),
('Lemoine', 'Bernadette', 1992-11-03),
('Fournier', 'Christophe', 1999-04-30),
('Meyer', 'Yves', 1990-03-25),
('Dufresne', 'Caroline', 1995-07-01),
('Béranger', 'Jacques', 1987-08-21),
('Caron', 'Diane', 1991-12-25),
('Vasseur', 'Jean', 1994-06-07),
('Leclerc', 'Frédéric', 2000-02-11),
('Paillard', 'Pierre', 1993-01-13),
('Garnier', 'Héléne', 1996-09-11),
('Bertrand', 'Audrey', 1983-12-06),
('Garnier', 'Héléne', 1995-02-22),
('Lemoine', 'Daniel', 1987-10-15),
('Renard', 'Clémence', 1985-03-13),
('Georges', 'Julien', 1984-06-28),
('Bouvier', 'Michel', 1988-05-09),
('Benoit', 'Yannick', 1999-01-19),
('Lemoine', 'Frédérique', 2000-03-15),
('Lemoine', 'Denis', 1994-05-23),
('Carpentier', 'Paul', 1980-07-07),
('Joly', 'Valentine', 1997-11-22),
('Vidal', 'Marc', 1982-02-14),
('Bodin', 'Lucie', 1980-06-11),
('Lemoine', 'Pierre', 1997-11-14),
('Gérard', 'Thérése', 1992-08-05),
('Faure', 'Jean-Luc', 1985-01-15),
('Tanguy', 'Aurélie', 1983-10-18),
('Riviére', 'Gérard', 1990-02-23),
('Dubois', 'Sandrine', 1996-03-10),
('Caron', 'Serge', 1982-07-25),
('Santos', 'Nathalie', 1989-02-09),
('Morin', 'Daniel', 1995-12-12),
('Gosse', 'Florence', 1987-04-04),
('Marchand', 'Patricia', 1980-09-08),
('Lemoine', 'Victor', 1988-01-01),
('Lemoine', 'Stéphanie', 1994-06-13),
('Dufresne', 'Bernard', 1993-04-28),
('Chauvin', 'Sylvie', 1991-05-20),
('Charron', 'Louis', 1986-10-01),
('Pires', 'Henriette', 1997-02-17),
('Joly', 'Romain', 1981-07-12),
('Lemoine', 'Héléne', 1984-05-09),
('Boucher', 'Renaud', 1994-12-01),
('Leblanc', 'Gilles', 1999-01-03),
('Lemoine', 'Catherine', 1986-06-30),
('Girard', 'Thérése', 1982-08-16),
('Leclerc', 'Noélle', 1993-10-27),
('Delacroix', 'Sylvain', 1980-05-18),
('Faure', 'Gérald', 1983-04-05),
('Charpentier', 'Camille', 1998-02-21),
('Tremblay', 'Yves', 1989-03-17),
('Gagnon', 'Simone', 1991-01-05),
('Riviére', 'David', 1990-09-09),
('Martin', 'Michel', 1982-02-14),
('Gérard', 'Daniel', 1996-12-22),
('Lemoine', 'Jean', 1987-04-01),
('Tremblay', 'Valérie', 1994-05-11),
('Moulin', 'Jacques', 1989-08-29),
('Dufresne', 'Mathieu', 1985-03-07),
('Joubert', 'Marie', 1992-04-18),
('Lemoine', 'Bernadette', 1995-06-21),
('Henri', 'Chantal', 1980-08-03),
('Charpentier', 'Pierre', 1996-07-26),
('Joly', 'Hugo', 1990-12-12),
('Santos', 'Frédéric', 1997-11-29),
('Girard', 'Claude', 1982-02-24),
('Bodin', 'Jean', 1988-09-20),
('Riviére', 'Pascal', 1995-05-02),
('Leclerc', 'Franéoise', 1986-03-01),
('Lemoine', 'Thierry', 1999-07-21),
('Durand', 'Michel', 1981-10-15),
('Barre', 'Cécile', 1997-03-11),
('Roussel', 'Catherine', 1994-01-30),
('Lemoine', 'Franéoise', 1983-11-05),
('Meyer', 'Jéréme', 1990-10-22),
('Gosse', 'Nadine', 1982-04-19),
('Chauvin', 'Daniel', 1984-01-02),
('Gauthier', 'Michel', 1991-05-01),
('Santos', 'Sébastien', 1985-09-10),
('Pires', 'Bernard', 1996-10-06),
('Fournier', 'Luc', 1987-03-25),
('Caron', 'Monique', 1993-11-18),
('Riviére', 'David', 1997-12-13),
('Roussel', 'David', 1984-11-10),
('Lemoine', 'Véronique', 1991-02-05),
('Hamelin', 'Bernadette', 1989-06-18),
('Leclerc', 'Michel', 1998-05-20),
('Moulin', 'Jean-Claude', 1995-01-14),
('Dubois', 'Emmanuel', 1997-06-16),
('Marchand', 'Thierry', 1992-03-04),
('Dubois', 'Marion', 1994-04-09);         


-- INSERTION des données dans Employees (81 employees)

INSERT INTO Employees (PersonneID, DateEngagement, TauxHoraire, NumeroCompteBancaire)
VALUES
( 99, 2011-01-16, 19.50, '52756-07-21214'), 
(100, 2010-01-15, 15.50, '12345-67-89012'),
(101, 2011-05-20, 18.75, '23456-78-90123'),
(102, 2012-08-13, 20.00, '34567-89-01234'),
(103, 2013-11-02, 22.50, '45678-90-12345'),
(104, 2014-03-25, 17.20, '56789-01-23456'),
(105, 2015-06-08, 19.80, '67890-12-34567'),
(106, 2016-09-11, 21.00, '78901-23-45678'),
(107, 2017-01-30, 16.50, '89012-34-56789'),
(108, 2018-04-17, 24.00, '90123-45-67890'),
(109, 2019-07-09, 19.30, NULL),
(110, 2020-02-21, 15.80, '12345-67-89001'),
(111, 2021-08-14, 23.00, '23456-78-90124'),
(112, 2022-01-06, 20.50, '34567-89-01235'),
(113, 2023-03-30, 25.00, '45678-90-12346'),
(114, 2024-06-05, 19.00, NULL),
(115, 2025-09-18, 22.80, '56789-01-23457'),
(116, 2026-02-12, 21.90, '67890-12-34568'),
(117, 2027-07-24, 18.20, '78901-23-45679'),
(118, 2028-10-19, 17.50, '89012-34-56780'),
(119, 2029-04-15, 20.00, '90123-45-67891'),
(120, 2030-12-01, 19.50, '12345-67-89002'),
(121, 2011-09-04, 18.00, '23456-78-90125'),
(122, 2012-02-17, 19.80, '34567-89-01236'),
(123, 2013-05-03, 16.50, '45678-90-12347'),
(124, 2014-11-29, 20.20, '56789-01-23458'),
(125, 2015-01-23, 18.60, NULL),
(126, 2016-07-05, 21.00, '67890-12-34569'),
(127, 2017-11-16, 15.70, '78901-23-45680'),
(128, 2018-06-08, 22.40, '89012-34-56781'),
(129, 2019-02-21, 17.80, '90123-45-67892'),
(130, 2020-05-03, 18.30, NULL),
(131, 2021-12-26, 19.90, '12345-67-89003'),
(132, 2022-07-15, 20.60, '23456-78-90126'),
(133, 2023-09-02, 24.10, '34567-89-01237'),
(134, 2024-03-19, 20.80, '45678-90-12348'),
(135, 2025-06-22, 21.50, '56789-01-23459'),
(136, 2026-01-08, 22.70, '67890-12-34570'),
(137, 2027-05-01, 18.90, '78901-23-45681'),
(138, 2028-09-14, 23.10, '89012-34-56782'),
(139, 2029-12-09, 19.60, '90123-45-67893'),
(140, 2030-04-17, 21.00, '12345-67-89004'),
(141, 2012-04-12, 19.50, '23456-78-90127'),
(142, 2013-07-02, 21.20, '34567-89-01238'),
(143, 2014-10-05, 22.30, '45678-90-12349'),
(144, 2015-02-18, 19.80, '56789-01-23460'),
(145, 2016-11-11, 18.90, '67890-12-34571'),
(146, 2017-04-20, 20.10, '78901-23-45682'),
(147, 2018-01-30, 22.50, '89012-34-56783'),
(148, 2019-09-01, 19.30, '90123-45-67894'),
(149, 2020-12-05, 21.00, '12345-67-89005'),
(150, 2021-05-14, 19.70, '23456-78-90128'),
(151, 2022-03-06, 22.20, '34567-89-01239'),
(152, 2023-08-20, 20.40, '45678-90-12350'),
(153, 2024-10-15, 18.90, NULL),
(154, 2025-01-21, 23.50, '56789-01-23461'),
(155, 2026-06-18, 20.60, '67890-12-34572'),
(156, 2027-03-01, 21.10, '78901-23-45683'),
(157, 2028-11-30, 22.90, '89012-34-56784'),
(158, 2029-02-17, 19.80, '90123-45-67895'),
(159, 2030-07-01, 20.10, '12345-67-89006'),
(160, 2011-10-13, 21.30, '23456-78-90129'),
(161, 2012-12-05, 18.70, '34567-89-01240'),
(162, 2013-09-21, 20.00, '45678-90-12351'),
(163, 2014-05-02, 19.50, '56789-01-23462'),
(164, 2015-10-29, 21.20, '67890-12-34573'),
(165, 2016-08-13, 22.80, '78901-23-45684'),
(166, 2017-03-04, 23.10, '89012-34-56785'),
(167, 2018-09-25, 19.60, '90123-45-67896'),
(168, 2019-11-30, 20.30, '12345-67-89007'),
(169, 2020-06-22, 21.80, '23456-78-90130'),
(170, 2021-01-19, 20.10, '34567-89-01241'),
(171, 2022-10-06, 19.70, '45678-90-12352'),
(172, 2023-04-12, 21.40, '56789-01-23463'),
(173, 2024-09-23, 20.90, '67890-12-34574'),
(174, 2025-02-07, 22.30, '78901-23-45685'),
(175, 2026-03-25, 23.50, '89012-34-56786'),
(176, 2027-05-14, 21.00, NULL),
(177, 2028-07-01, 20.80, '90123-45-67897'),
(178, 2029-10-20, 19.90, '12345-67-89008'),
(179, 2030-02-13, 22.00, '23456-78-90131'),
(180, 2021-03-15, 21.60, '34567-89-01242');


-- INSERTION Dans Visites (69 visites)

INSERT INTO Visites (ClientID, HeureEntree, HeureSortie, TransactionID)
VALUES
( 5, 2024-11-20 08:15:00, 2024-11-20 12:30:00, 1),
(12, 2024-11-20 09:45:00, 2024-11-20 17:10:00, 2),
(23, 2024-11-20 10:00:00, 2024-11-20 18:45:00, 3),
(45, 2024-11-20 11:30:00, 2024-11-20 16:00:00, 4),
( 7, 2024-11-20 08:30:00, 2024-11-20 14:10:00, 5),
(89, 2024-11-20 09:00:00, 2024-11-20 15:30:00, 6),
(34, 2024-11-20 08:45:00, 2024-11-20 12:15:00, 7),
(56, 2024-11-20 13:00:00, 2024-11-20 20:30:00, 8),
(18, 2024-11-20 10:30:00, 2024-11-20 16:50:00, 9),
(99, 2024-11-20 08:10:00, 2024-11-20 14:40:00, 10),
(32, 2024-11-20 11:00:00, 2024-11-20 17:20:00, 11),
( 3, 2024-11-20 09:30:00, 2024-11-20 15:45:00, 12),
(58, 2024-11-20 08:05:00, 2024-11-20 13:50:00, 13),
(22, 2024-11-20 14:00:00, 2024-11-20 19:10:00, 14),
(47, 2024-11-20 10:15:00, 2024-11-20 17:30:00, 15),
(11, 2024-11-20 08:40:00, 2024-11-20 13:00:00, 16),
(77, 2024-11-20 09:00:00, 2024-11-20 14:30:00, 17),
(25, 2024-11-20 13:15:00, 2024-11-20 18:00:00, 18),
(14, 2024-11-20 08:50:00, 2024-11-20 15:00:00, 19),
(36, 2024-11-20 09:10:00, 2024-11-20 16:20:00, 20),
(68, 2024-11-20 13:30:00, 2024-11-20 19:50:00, 21),
(81, 2024-11-20 10:45:00, 2024-11-20 17:40:00, 22),
(43, 2024-11-20 08:25:00, 2024-11-20 14:00:00, 23),
( 9, 2024-11-20 11:15:00, 2024-11-20 18:30:00, 24),
(50, 2024-11-20 08:55:00, 2024-11-20 12:40:00, 25),
(30, 2024-11-20 13:45:00, 2024-11-20 20:20:00, 26),
(74, 2024-11-20 09:20:00, 2024-11-20 14:50:00, 27),
(40, 2024-11-20 08:30:00, 2024-11-20 12:10:00, 28),
(59, 2024-11-20 10:05:00, 2024-11-20 16:30:00, 29),
(16, 2024-11-20 09:50:00, 2024-11-20 15:30:00, 30),
(10, 2024-11-20 11:50:00, 2024-11-20 18:10:00, 31),
(61, 2024-11-20 08:00:00, 2024-11-20 13:20:00, 32),
(27, 2024-11-20 14:15:00, 2024-11-20 19:30:00, 33),
(83, 2024-11-20 08:00:00, 2024-11-20 12:00:00, 34),
(66, 2024-11-20 09:05:00, 2024-11-20 15:55:00, 35),
(71, 2024-11-20 12:45:00, 2024-11-20 18:15:00, 36),
(62, 2024-11-20 10:20:00, 2024-11-20 16:00:00, 37),
( 2, 2024-11-20 08:20:00, 2024-11-20 13:30:00, 38),
(19, 2024-11-20 09:15:00, 2024-11-20 14:40:00, 39),
(21, 2024-11-20 11:05:00, 2024-11-20 16:25:00, 40),
(13, 2024-11-20 08:45:00, 2024-11-20 14:15:00, 41),
(24, 2024-11-20 10:30:00, 2024-11-20 16:50:00, 42),
(38, 2024-11-20 08:35:00, 2024-11-20 13:40:00, 43),
(28, 2024-11-20 11:40:00, 2024-11-20 17:00:00, 44),
(48, 2024-11-20 13:00:00, 2024-11-20 19:20:00, 45),
(44, 2024-11-20 12:20:00, 2024-11-20 18:50:00, 46),
(20, 2024-11-20 08:40:00, 2024-11-20 13:50:00, 47),
(70, 2024-11-20 09:30:00, 2024-11-20 15:10:00, 48),
(65, 2024-11-20 10:50:00, 2024-11-20 17:40:00, 49),
( 8, 2024-11-20 08:30:00, 2024-11-20 14:30:00, 50),
(75, 2024-11-20 09:40:00, 2024-11-20 16:00:00, 51),
(63, 2024-11-20 08:50:00, 2024-11-20 14:10:00, 52),
(67, 2024-11-20 10:25:00, 2024-11-20 15:30:00, 53),
(35, 2024-11-20 11:25:00, 2024-11-20 16:40:00, 54),
(60, 2024-11-20 09:10:00, 2024-11-20 14:50:00, 55),
(69, 2024-11-20 13:10:00, 2024-11-20 18:40:00, 56),
(39, 2024-11-20 08:15:00, 2024-11-20 13:25:00, 57),
(51, 2024-11-20 08:55:00, 2024-11-20 14:00:00, 58),
(41, 2024-11-20 09:35:00, 2024-11-20 15:50:00, 59),
(72, 2024-11-20 12:00:00, 2024-11-20 17:30:00, 60),
(15, 2024-11-20 13:20:00, 2024-11-20 19:00:00, 61),
( 4, 2024-11-20 08:05:00, 2024-11-20 12:55:00, 62),
(53, 2024-11-20 10:00:00, 2024-11-20 16:10:00, 63),
(17, 2024-11-20 08:10:00, 2024-11-20 14:25:00, 64),
(31, 2024-11-20 09:25:00, 2024-11-20 15:20:00, 65),
(49, 2024-11-20 08:50:00, 2024-11-20 13:45:00, 66),
(64, 2024-11-20 12:40:00, 2024-11-20 18:20:00, 67),
(37, 2024-11-20 13:25:00, 2024-11-20 19:40:00, 68),
(42, 2024-11-20 08:20:00, 2024-11-20 14:20:00, 69),
(29, 2024-11-20 11:55:00, 2024-11-20 17:10:00, 70);


-- INSERTION Dans Clients (98)

INSERT INTO Clients (PersonneID, ClientEstActif, NumeroCarteBancaire, Email, ParcoursEnCours)
VALUES
(1, 1, '1234567890123456', 'client1@example.com', NULL),
(2, 1, '2345678901234567', 'client2@example.com', 1),
(3, 0, '3456789012345678', 'client3@example.com', 2),
(4, 1, '4567890123456789', 'client4@example.com', 3),
(5, 1, '5678901234567890', 'client5@example.com', NULL),
(6, 0, '6789012345678901', 'client6@example.com', 1),
(7, 1, '7890123456789012', 'client7@example.com', 4),
(8, 1, '8901234567890123', 'client8@example.com', NULL),
(9, 1, '9012345678901234', 'client9@example.com', 2),
(10, 0, '0123456789012345', 'client10@example.com', NULL),
(11, 1, '1234567890123456', 'client11@example.com', 3),
(12, 1, '2345678901234567', 'client12@example.com', 1),
(13, 0, '3456789012345678', 'client13@example.com', 2),
(14, 1, '4567890123456789', 'client14@example.com', NULL),
(15, 1, '5678901234567890', 'client15@example.com', 4),
(16, 1, '6789012345678901', 'client16@example.com', NULL),
(17, 0, '7890123456789012', 'client17@example.com', 3),
(18, 1, '8901234567890123', 'client18@example.com', NULL),
(19, 0, '9012345678901234', 'client19@example.com', 2),
(20, 1, '0123456789012345', 'client20@example.com', 1),
(21, 1, '1234567890123456', 'client21@example.com', NULL),
(22, 0, '2345678901234567', 'client22@example.com', 2),
(23, 1, '3456789012345678', 'client23@example.com', NULL),
(24, 1, '4567890123456789', 'client24@example.com', 3),
(25, 1, '5678901234567890', 'client25@example.com', NULL),
(26, 1, '6789012345678901', 'client26@example.com', 4),
(27, 0, '7890123456789012', 'client27@example.com', NULL),
(28, 1, '8901234567890123', 'client28@example.com', 1),
(29, 0, '9012345678901234', 'client29@example.com', 2),
(30, 1, '0123456789012345', 'client30@example.com', NULL),
(31, 1, '1234567890123456', 'client31@example.com', 3),
(32, 0, '2345678901234567', 'client32@example.com', NULL),
(33, 1, '3456789012345678', 'client33@example.com', 4),
(34, 0, '4567890123456789', 'client34@example.com', NULL),
(35, 1, '5678901234567890', 'client35@example.com', 1),
(36, 1, '6789012345678901', 'client36@example.com', NULL),
(37, 0, '7890123456789012', 'client37@example.com', 2),
(38, 1, '8901234567890123', 'client38@example.com', 3),
(39, 0, '9012345678901234', 'client39@example.com', NULL),
(40, 1, '0123456789012345', 'client40@example.com', 1),
(41, 1, '1234567890123456', 'client41@example.com', NULL),
(42, 1, '2345678901234567', 'client42@example.com', 2),
(43, 0, '3456789012345678', 'client43@example.com', 3),
(44, 1, '4567890123456789', 'client44@example.com', 4),
(45, 0, '5678901234567890', 'client45@example.com', NULL),
(46, 1, '6789012345678901', 'client46@example.com', 1),
(47, 1, '7890123456789012', 'client47@example.com', 2),
(48, 0, '8901234567890123', 'client48@example.com', NULL),
(49, 1, '9012345678901234', 'client49@example.com', 3),
(50, 1, '0123456789012345', 'client50@example.com', NULL),
(51, 0, '1234567890123456', 'client51@example.com', 2),
(52, 1, '2345678901234567', 'client52@example.com', 1),
(53, 0, '3456789012345678', 'client53@example.com', 4),
(54, 1, '4567890123456789', 'client54@example.com', NULL),
(55, 1, '5678901234567890', 'client55@example.com', 2),
(56, 1, '6789012345678901', 'client56@example.com', NULL),
(57, 0, '7890123456789012', 'client57@example.com', 3),
(58, 1, '8901234567890123', 'client58@example.com', 4),
(59, 0, '9012345678901234', 'client59@example.com', NULL),
(60, 1, '0123456789012345', 'client60@example.com', 1),
(61, 1, '1234567890123456', 'client61@example.com', 2),
(62, 0, '2345678901234567', 'client62@example.com', NULL),
(63, 1, '3456789012345678', 'client63@example.com', 3),
(64, 0, '4567890123456789', 'client64@example.com', NULL),
(65, 1, '5678901234567890', 'client65@example.com', 4),
(66, 1, '6789012345678901', 'client66@example.com', NULL),
(67, 0, '7890123456789012', 'client67@example.com', 1),
(68, 1, '8901234567890123', 'client68@example.com', 2),
(69, 1, '9012345678901234', 'client69@example.com', NULL),
(70, 0, '0123456789012345', 'client70@example.com', 3),
(71, 1, '1234567890123456', 'client71@example.com', NULL),
(72, 1, '2345678901234567', 'client72@example.com', 1),
(73, 0, '3456789012345678', 'client73@example.com', 2),
(74, 1, '4567890123456789', 'client74@example.com', NULL),
(75, 1, '5678901234567890', 'client75@example.com', 4),
(76, 1, '6789012345678901', 'client76@example.com', 3),
(77, 0, '7890123456789012', 'client77@example.com', NULL),
(78, 1, '8901234567890123', 'client78@example.com', 2),
(79, 0, '9012345678901234', 'client79@example.com', NULL),
(80, 1, '0123456789012345', 'client80@example.com', 4),
(81, 1, '1234567890123456', 'client81@example.com', NULL),
(82, 0, '2345678901234567', 'client82@example.com', 1),
(83, 1, '3456789012345678', 'client83@example.com', 3),
(84, 1, '4567890123456789', 'client84@example.com', NULL),
(85, 0, '5678901234567890', 'client85@example.com', 2),
(86, 1, '6789012345678901', 'client86@example.com', 1),
(87, 0, '7890123456789012', 'client87@example.com', NULL),
(88, 1, '8901234567890123', 'client88@example.com', 3),
(89, 1, '9012345678901234', 'client89@example.com', 4),
(90, 0, '0123456789012345', 'client90@example.com', NULL),
(91, 1, '1234567890123456', 'client91@example.com', 1),
(92, 0, '2345678901234567', 'client92@example.com', 2),
(93, 1, '3456789012345678', 'client93@example.com', NULL),
(94, 0, '4567890123456789', 'client94@example.com', 3),
(95, 1, '5678901234567890', 'client95@example.com', NULL),
(96, 0, '6789012345678901', 'client96@example.com', 4),
(97, 1, '7890123456789012', 'client97@example.com', 1),
(98, 0, '8901234567890123', 'client98@example.com', 2),
(99, 1, '9012345678901234', 'client99@example.com', NULL)



-- INSERTION Dans Transactions (130 Transactions)

INSERT INTO Transactions (MontantTransaction, DateTransaction) VALUES
(150.75, 2024-11-19 14:30:00),
(220.50, 2024-11-18 09:00:00),
(85.20, NULL),
(60.10, 2024-11-17 11:45:00),
(190.00, 2024-11-16 16:00:00),
(120.00, 2024-11-15 10:30:00),
(30.40, NULL),
(250.00, 2024-11-14 15:10:00),
(77.50, 2024-11-13 13:00:00),
(200.10, 2024-11-12 12:30:00),
(150.00, 2024-11-11 08:15:00),
(40.60, 2024-11-10 17:00:00),
(99.99, 2024-11-09 14:45:00),
(199.99, 2024-11-08 09:30:00),
(120.50, 2024-11-07 18:00:00),
(130.80, 2024-11-06 11:10:00),
(175.90, 2024-11-05 16:45:00),
(50.25, NULL),
(250.00, 2024-11-04 10:20:00),
(80.15, 2024-11-03 14:55:00),
(100.00, 2024-11-02 12:00:00),
(60.00, 2024-11-01 15:35:00),
(45.90, NULL),
(95.60, 2024-10-31 16:50:00),
(10.20, NULL),
(185.00, 2024-10-30 09:25:00),
(230.00, 2024-10-29 13:40:00),
(60.90, 2024-10-28 10:10:00),
(120.75, 2024-10-27 14:20:00),
(200.00, 2024-10-26 12:45:00),
(90.30, NULL),
(215.00, 2024-10-25 16:30:00),
(150.50, 2024-10-24 11:00:00),
(170.25, 2024-10-23 15:55:00),
(80.30, 2024-10-22 09:15:00),
(60.00, NULL),
(110.90, 2024-10-21 14:00:00),
(190.00, 2024-10-20 16:10:00),
(60.60, 2024-10-19 11:30:00),
(80.40, 2024-10-18 10:20:00),
(100.50, 2024-10-17 15:25:00),
(50.30, NULL),
(99.99, 2024-10-16 09:45:00),
(130.00, 2024-10-15 11:20:00),
(200.50, 2024-10-14 14:50:00),
(75.10, 2024-10-13 16:40:00),
(180.00, 2024-10-12 12:30:00),
(50.10, 2024-10-11 10:10:00),
(250.00, NULL),
(85.60, 2024-10-10 14:30:00),
(60.90, 2024-10-09 15:00:00),
(125.00, 2024-10-08 11:10:00),
(190.00, 2024-10-07 12:50:00),
(80.70, 2024-10-06 10:40:00),
(40.50, 2024-10-05 16:10:00),
(120.40, NULL),
(150.30, 2024-10-04 14:00:00),
(99.90, 2024-10-03 09:15:00),
(200.00, NULL),
(70.00, 2024-10-02 16:30:00),
(110.50, 2024-10-01 15:15:00),
(240.00, 2024-09-30 14:45:00),
(85.40, 2024-09-29 13:10:00),
(99.00, 2024-09-28 11:50:00),
(75.80, 2024-09-27 12:30:00),
(190.00, NULL),
(60.50, 2024-09-26 10:50:00),
(80.60, 2024-09-25 14:20:00),
(100.60, 2024-09-24 16:10:00),
(50.70, NULL),
(90.90, 2024-09-23 12:30:00),
(150.40, 2024-09-22 09:15:00),
(230.00, 2024-09-21 13:40:00),
(190.90, 2024-09-20 11:25:00),
(100.10, 2024-09-19 10:00:00),
(140.00, 2024-09-18 16:15:00),
(60.30, NULL),
(99.50, 2024-09-17 15:10:00),
(150.00, 2024-09-16 14:40:00),
(80.10, NULL),
(60.80, 2024-09-15 13:30:00),
(90.00, 2024-09-14 12:00:00),
(120.60, 2024-09-13 10:50:00),
(50.50, 2024-09-12 14:15:00),
(75.20, NULL),
(99.80, 2024-09-11 15:30:00),
(200.00, 2024-09-10 16:00:00),
(140.30, 2024-09-09 13:40:00),
(150.10, 2024-09-08 12:20:00),
(85.30, 2024-09-07 10:00:00),
(60.20, 2024-09-06 14:50:00),
(100.40, NULL),
(110.60, 2024-09-05 13:10:00),
(75.00, 2024-09-04 09:30:00),
(85.00, 2024-09-03 11:20:00),
(150.60, 2024-09-02 16:40:00),
(130.50, 2024-09-01 14:10:00),
(99.70, 2024-08-31 13:50:00),
(190.00, 2024-08-30 12:40:00),
(75.60, NULL),
(80.90, 2024-08-29 10:00:00),
(100.30, 2024-08-28 14:20:00),
(250.00, 2024-08-27 15:30:00),
(50.60, 2024-08-26 12:50:00),
(99.00, 2024-08-25 10:30:00),
(150.20, 2024-08-24 16:00:00),
(60.40, 2024-08-23 14:00:00),
(120.80, NULL),
(200.10, 2024-08-22 12:10:00),
(150.90, 2024-08-21 10:40:00),
(80.30, 2024-08-20 09:20:00),
(100.80, 2024-08-19 13:30:00),
(130.00, 2024-08-18 15:50:00),
(70.30, 2024-08-17 10:00:00),
(60.00, 2024-08-16 14:10:00),
(99.10, 2024-08-15 16:30:00),
(80.00, NULL),
(150.70, 2024-08-14 11:10:00),
(200.00, 2024-08-13 12:20:00),
(90.30, 2024-08-12 15:00:00),
(140.50, NULL),
(100.10, 2024-08-11 14:45:00),
(70.10, 2024-08-10 10:30:00),
(250.00, 2024-08-09 13:00:00),
(110.40, 2024-08-08 16:20:00),
(100.00, 2024-08-07 15:00:00),
(75.30, NULL),
(80.60, 2024-08-06 13:30:00),
(50.30, 2024-08-05 14:50:00),
(90.20, 2024-08-04 12:30:00),
(130.40, 2024-08-03 16:00:00);


-- INSERTION Dans Parcours (99 Parcours)

INSERT INTO Parcours (NomDuParcours, NiveauDifficulte, TypeDeParcours, EstInstalle)
VALUES 
('La Vallée de la Mort', 3, 'Bouldering', 1),
('Le Créne du Géant', 5, 'Dino', 1),
('L''Ascension du Titan', 2, 'Crimp', 1),
('Le Mur du Faucon', 4, 'Stab', 1),
('La Fissure du Dragon', 6, 'Dynamique', 1),
('Lééil du Cyclone', NULL, 'Statique', 0),
('Les Griffes du Prédateur', 1, 'Bouldering', 1),
('La Route de léEnfer', 4, 'Stab', 1),
('Le Céur de la Tempéte', 2, 'Crimp', 1),
('LéAntre de la Béte', 5, 'Dino', 0),
('La Grotte du Crocodile', 3, 'Bouldering', 1),
('La Cascade des Ombres', NULL, 'Statique', 1),
('Le Passage des éléphants', 6, 'Dynamique', 0),
('LéEmpire des Glaces', 1, 'Crimp', 1),
('L''Escalade des Anciens', 4, 'Dino', 1),
('La Crevasse des Titans', 2, 'Bouldering', 1),
('Le Pic des Démons', NULL, 'Stab', 0),
('La Montée de la Manticore', 3, 'Dynamique', 1),
('Le Trou du Serpent', 5, 'Statique', 1),
('Le Chemin du Vautour', 1, 'Crimp', 1),
('La Forét Maudite', 6, 'Stab', 0),
('Le Voyage du Phoenix', 4, 'Dino', 1),
('L''Ascension de l''Ombre', 3, 'Bouldering', 1),
('Le Rocher du Léviathan', NULL, 'Dynamique', 1),
('Le Saut du Scorpion', 2, 'Statique', 1),
('La Montée du Volcan', 5, 'Bouldering', 1),
('Le Mur des émes Perdues', NULL, 'Dino', 1),
('Le Pic des Tempétes', 4, 'Crimp', 1),
('L''Escalade de l''Apocalypse', 6, 'Stab', 1),
('La Ruée vers l''Inferno', 1, 'Dynamique', 0),
('Le Mur de l''éclipse', 3, 'Statique', 1),
('Le Passage des Corbeaux', 2, 'Crimp', 1),
('Le Sentier des Légendes', 5, 'Bouldering', 0),
('L''Escalier du Loup', NULL, 'Stab', 1),
('La Créte des Fantémes', 6, 'Dino', 1),
('La Vallée des émes', 4, 'Bouldering', 0),
('La Faille du Jugement', 2, 'Dynamique', 1),
('L''Ascension du Vortex', 1, 'Statique', 1),
('La Pente de l''Hydre', 5, 'Crimp', 0),
('Le Canyon des Ombres', 3, 'Stab', 1),
('La Chute des étoiles', NULL, 'Bouldering', 1),
('Le Rocher du Hurlement', 6, 'Dino', 1),
('L''échappée du Grizzly', 4, 'Crimp', 1),
('Le Mur de la Serpentine', 1, 'Dynamique', 1),
('Le Pic du Kraken', 5, 'Statique', 1),
('Le Mur du Corbeau Noir', NULL, 'Bouldering', 1),
('Le Passage du Dragon Rouge', 3, 'Dino', 1),
('Le Canyon des Lamentations', 2, 'Stab', 0),
('La Route de la Liberté', 6, 'Bouldering', 1),
('Le Sentier des Cendres', 4, 'Crimp', 1),
('La Couronne des Dieux', 1, 'Dynamique', 1),
('La Pente du Golem', 5, 'Statique', 0),
('L''Escalade du Phénix', 3, 'Stab', 1),
('La Crevasse Maudite', NULL, 'Dino', 0),
('La Route de l''Ombre', 6, 'Bouldering', 1),
('La Voie des étoiles', 4, 'Crimp', 1),
('La Fissure des Cauchemars', 2, 'Dynamique', 1),
('Le Mur du Chasseur', 1, 'Statique', 0),
('L''Ascension des Légendes', 5, 'Bouldering', 1),
('Le Rocher du Dragon', NULL, 'Stab', 1),
('La Montée de l''Immortel', 3, 'Dino', 1),
('La Cheminée des Vents', 6, 'Crimp', 0),
('Le Passage de lééclipse', 4, 'Stab', 1),
('Le Rocher de la Légende', 1, 'Dynamique', 1),
('L''Escalade du Serpent de Pierre', 5, 'Bouldering', 0),
('Le Mur des Titans', 3, 'Statique', 1),
('Le Pic de la Foudre', NULL, 'Crimp', 1),
('Le Grimper du Spectre', 6, 'Stab', 1),
('La Créte de la Tempéte', 4, 'Dino', 1),
('Le Rocher du Sphinx', 2, 'Bouldering', 1),
('Le Passage des Géants', 5, 'Crimp', 1),
('L''Ascension des Lunes', NULL, 'Dynamique', 1),
('La Pente du Néant', 3, 'Statique', 1),
('La Forét des Solitaires', 1, 'Bouldering', 0),
('Le Passage du Kraken', 4, 'Stab', 1),
('Le Mur de la Chute de Feu', 2, 'Dino', 1),
('La Route des Guerriers', NULL, 'Crimp', 1),
('L''Escalade du Requin', 6, 'Stab', 1),
('Le Rocher de léEnfer', 5, 'Dynamique', 1),
('Le Sentier des Ombres', 3, 'Bouldering', 1),
('Le Chemin de l''étoile du Matin', 1, 'Statique', 1),
('L''Ascension des Tempétes', 4, 'Crimp', 1),
('La Montée des émes', NULL, 'Dino', 0),
('La Forét de Fer', 6, 'Bouldering', 1),
('Le Rocher du Fantéme', 2, 'Stab', 1),
('Le Mur des Vents', 5, 'Dynamique', 1),
('L''Ascension de l''Inconnu', 3, 'Crimp', 1),
('La Vallée des Ombres', 1, 'Statique', 1),
('Le Rocher de l''éternité', 4, 'Bouldering', 1),
('L''Escalade du Vieux Sage', NULL, 'Dino', 1),
('Le Passage de l''Aigle', 2, 'Stab', 1),
('Le Mont des Démons', 6, 'Crimp', 0),
('La Route du Ciel Infini', 5, 'Dynamique', 1),
('La Créte de léOubli', 3, 'Bouldering', 1),
('Le Mur des Cieux', 1, 'Statique', 1),
('La Faille des Réves', NULL, 'Stab', 0),
('La Créte des Ombres Silencieuses', 6, 'Dino', 1),
('Le Chemin des Anciens', 4, 'Crimp', 1),
('Le Mur des Enfers', 2, 'Bouldering', 1),
('Le Passage des Dragons Volants', 5, 'Stab', 1);